21_jpg.rf.05cdb4da8b4614fb4d69a634096eac39.jpg,Abercrombie,0.77
22_jpg.rf.afc65fb5dc76e772c48c19659f183acd.jpg,BALENO,0.68
23_jpg.rf.59099f9431e6c09231bc592323671da1.jpg,BeiJiRong,0.61
28_jpg.rf.842f5790d2696b15ae5ea4872248047a.jpg,BALENO,0.87
28_jpg.rf.cc0ab34d736736da7c34cea46bc48888.jpg,Abercrombie,0.83
31_jpg.rf.00f42b141c4086d3ac25c66c95bfbf33.jpg,Abercrombie,0.81
41_jpg.rf.b5ca8e2c1db4fbab67f4f70c280b995c.jpg,BeiJiRong,0.69
46_jpg.rf.600e078ca455c5571b5441be61930e74.jpg,Abercrombie,0.51
48_jpg.rf.b41663c9c4862f69b0007b95e3f7551f.jpg,Abercrombie,0.42
56_jpg.rf.6d5f291463187b35d0c0ef45285d1845.jpg,BALENO,0.72
5_jpg.rf.f01d286a714d3af9e2e6254a080a7248.jpg,BALENO,0.67
64_jpg.rf.626ec6d28910d17e63ce3e3f4931e975.jpg,Abercrombie,0.81
64_jpg.rf.8d9342b0f359364d453e280c0fe4568e.jpg,BeiJiRong,0.82
66_jpg.rf.3898558d3aeecd6ff27d23694ea59469.jpg,tommy hilfiger,0.51
70_jpg.rf.1b03765bcff311ddbd150af5ef0c3d9a.jpg,BeiJiRong,0.6
72_jpg.rf.ebd7352fdfd71e7b8a8009d46e6841e9.jpg,BeiJiRong,0.8
77_jpg.rf.4cd3d94bfa8db46ba5f1b2742e4c1cf1.jpg,BeiJiRong,0.57
78_jpg.rf.0c01d99f6f6cd44b520cbbb36e29e69f.jpg,BeiJiRong,0.56
78_jpg.rf.aa4629c276435b17ec410e629a33f81a.jpg,BALENO,0.56
78_jpg.rf.c1b42b4881b44ba26c0b76a255e3cc5a.jpg,Abercrombie,0.63
79_jpg.rf.7d74843d78006d2d1a2bb9962e3498bf.jpg,Abercrombie,0.81
86_jpg.rf.797de2f141f61bbfbb99b580167464eb.jpg,Abercrombie,0.74
86_jpg.rf.db812632b6b84ec4f799c99c5c713152.jpg,BeiJiRong,0.65
8_jpg.rf.5610b433e225445b6b08d3c97e22db6a.jpg,BALENO,0.56
96_jpg.rf.bbece5288bf73013a8672ed0dc959057.jpg,BALENO,0.8
97_jpg.rf.f03229b5833fe7a5f46de4d695ee7036.jpg,bukta,0.41
97_jpg.rf.f03229b5833fe7a5f46de4d695ee7036.jpg,BALENO,0.81
adidas-15-_jpg.rf.42fc51c68ad5b6c9c2e1ec0255e19e5a.jpg,Adidas,0.7
adidas-23-_jpg.rf.73ee9a302eab51d07bd228ad7ab249b3.jpg,Adidas,0.56
adidas-33-_jpg.rf.b5fc2122372afa304d11d822f3457ff0.jpg,Adidas,0.54
adidas-35-_jpg.rf.800f2a96427ce6f211aa1f606400108f.jpg,Adidas,0.76
adidas-53-_jpg.rf.58242af2b470bc2fb489f5c2ef3465d0.jpg,Adidas,0.55
adidas-58-_jpg.rf.81abad5d527a448fcba2900d900752c5.jpg,Adidas,0.54
adidas-58-_jpg.rf.81abad5d527a448fcba2900d900752c5.jpg,Adidas,0.55
adidas-58-_jpg.rf.81abad5d527a448fcba2900d900752c5.jpg,Adidas,0.59
adidas-58-_jpg.rf.81abad5d527a448fcba2900d900752c5.jpg,Adidas,0.7
adidas-58-_jpg.rf.81abad5d527a448fcba2900d900752c5.jpg,Adidas,0.72
adidas-58-_jpg.rf.81abad5d527a448fcba2900d900752c5.jpg,Adidas,0.72
adidas-58-_jpg.rf.81abad5d527a448fcba2900d900752c5.jpg,Adidas,0.73
adidas-58-_jpg.rf.81abad5d527a448fcba2900d900752c5.jpg,Adidas,0.74
adidas-58-_jpg.rf.81abad5d527a448fcba2900d900752c5.jpg,Adidas,0.76
adyson-32-_jpg.rf.2e274ca7ec0b37b74abb55b49e1a8ff1.jpg,adyson,0.82
adyson-34-_jpg.rf.c073b5cd1bfbc74c55803cc5837e50d7.jpg,adyson,0.61
adyson-39-_jpg.rf.f0c23b03f6c38e1e9b4d5ec70008d5fe.jpg,adyson,0.8
adyson-45-_jpg.rf.52a365c7debdb9f1b67ccf27435e7e13.jpg,adyson,0.89
adyson-47-_jpg.rf.2ae268adaa109b5f36d635d13033133e.jpg,adyson,0.74
adyson-5-_jpg.rf.c722e31c9f6fcabc4d86c6e2b53d533f.jpg,adyson,0.75
adyson-66-_jpg.rf.e50f5e2e09a56bdfd8decd29a4719217.jpg,adyson,0.86
american_eagle-17-_jpg.rf.c9894e224d56489691e4d49ca2cc6e09.jpg,American Eagle,0.74
american_eagle-25-_jpg.rf.2d07b29afaf12998cf0f62f877ddaaf5.jpg,American Eagle,0.75
american_eagle-25-_jpg.rf.2d07b29afaf12998cf0f62f877ddaaf5.jpg,American Eagle,0.88
american_eagle-32-_jpg.rf.3540f0ebae21fb5b748a2b145f6a7e64.jpg,American Eagle,0.68
american_eagle-46-_jpg.rf.532393853f545f2b71a8b8534b00e623.jpg,American Eagle,0.8
american_eagle-46-_jpg.rf.532393853f545f2b71a8b8534b00e623.jpg,American Eagle,0.83
american_eagle-50-_jpg.rf.b1e0486d49df5f4fb0a0fabd8b9d75b3.jpg,American Eagle,0.69
american_eagle-50-_jpg.rf.b1e0486d49df5f4fb0a0fabd8b9d75b3.jpg,American Eagle,0.83
american_eagle-72-_jpg.rf.be72761667e1a3bbb0de6c72f9dd3007.jpg,American Eagle,0.58
american_eagle-72-_jpg.rf.be72761667e1a3bbb0de6c72f9dd3007.jpg,American Eagle,0.78
armani-14-_jpg.rf.8eb0b62a532019c1ace293556a8e5d86.jpg,Armani,0.65
armani-18-_jpg.rf.63f0852885fba46907841fdfc5229625.jpg,Armani,0.83
armani-24-_jpg.rf.a675d974f60e090f91bd1db71d77c4c5.jpg,Armani,0.58
armani-24-_jpg.rf.a675d974f60e090f91bd1db71d77c4c5.jpg,Armani,0.64
armani-24-_jpg.rf.a675d974f60e090f91bd1db71d77c4c5.jpg,Armani,0.7
armani-24-_jpg.rf.a675d974f60e090f91bd1db71d77c4c5.jpg,Armani,0.8
armani-39-_jpg.rf.2f88d8ca6c07ae33e1b6030e70490a9f.jpg,Armani,0.69
armani-64-_jpg.rf.d54e46d6a993c76aa5da1533b271f925.jpg,Armani,0.76
armani-65-_jpg.rf.46f7cbf7cfe8ac2001c840985735a8bd.jpg,Armani,0.78
athletic_dna-15-_jpg.rf.f71697bc817cf83b1b197013665fd699.jpg,Athletic DNA,0.74
athletic_dna-21-_jpg.rf.210e2b941d311a7e2ce96a5a1d0b4d53.jpg,Athletic DNA,0.74
athletic_dna-27-_jpg.rf.af290c07590979605247966abf1bc55c.jpg,Athletic DNA,0.88
athletic_dna-43-_jpg.rf.2f496e3b77cfc2a8a456bc3b5e1455ac.jpg,Athletic DNA,0.78
athletic_dna-43-_jpg.rf.2f496e3b77cfc2a8a456bc3b5e1455ac.jpg,Athletic DNA,0.79
athletic_dna-60-_jpg.rf.f465fa5eb2237c707b5e1510a47f254b.jpg,Athletic DNA,0.8
athletic_dna-63-_jpg.rf.1c1614b3eadf57d393ddf96e5adfbb0c.jpg,Athletic DNA,0.59
athletic_dna-84-_jpg.rf.3a27658b3c05d3329f93499655f3698d.jpg,Hoka One One,0.44
athletic_dna-89-_jpg.rf.69e77fb78432ab4ba857a9ae27f597bb.jpg,Athletic DNA,0.78
athletic_dna-90-_jpg.rf.56300fb8f5605032607c061d96209e79.jpg,Athletic DNA,0.79
barbie-16-_jpg.rf.20d8a567f94a388db9506706bf360139.jpg,Barbie,0.77
barbie-23-_jpg.rf.30bc1d903f8340cf5659f1e125a3e4fb.jpg,Barbie,0.54
barbie-23-_jpg.rf.30bc1d903f8340cf5659f1e125a3e4fb.jpg,Barbie,0.61
barbie-32-_jpg.rf.b93944486278af033e170c60941e4aa1.jpg,Barbie,0.69
barbie-32-_jpg.rf.b93944486278af033e170c60941e4aa1.jpg,Barbie,0.69
barbie-32-_jpg.rf.b93944486278af033e170c60941e4aa1.jpg,Barbie,0.75
barbie-32-_jpg.rf.b93944486278af033e170c60941e4aa1.jpg,Barbie,0.78
barbie-32-_jpg.rf.b93944486278af033e170c60941e4aa1.jpg,Barbie,0.8
barbie-57-_jpg.rf.09a6c4bdce4b6c3b843219f9555a594f.jpg,Barbie,0.67
barbie-57-_jpg.rf.09a6c4bdce4b6c3b843219f9555a594f.jpg,Barbie,0.76
barneys-1-_jpg.rf.6191f3adca41abd8a57aaae8f22e8974.jpg,Barneys New York,0.76
barneys-2-_jpg.rf.0bccd747fd2c0db42ea73b42cc7b63b4.jpg,Barneys New York,0.81
barneys-46-_jpg.rf.0ab2931121fa403a69834ca51dc9da14.jpg,Barneys New York,0.46
barneys-47-_jpg.rf.e9b38a1e091a3303b4e4fa06c21f5b95.jpg,Barneys New York,0.86
barneys-51-_jpg.rf.81fde98963a6d9eecc806c4082a6cf13.jpg,Barneys New York,0.83
barneys-7-_jpg.rf.7927cc9b6aa7d6a49b07ce806769bcd8.jpg,Adidas,0.5
barneys-7-_jpg.rf.7927cc9b6aa7d6a49b07ce806769bcd8.jpg,Barneys New York,0.75
ben_davis-18-_jpg.rf.33a70dd560b6ee0c3a654427316f575d.jpg,Ben Davis,0.84
ben_davis-29-_jpg.rf.550c5344f1cfb45ab8d2c4d1aa35ad41.jpg,Ben Davis,0.73
ben_davis-42-_jpg.rf.f7709e1d66e926586e1ff2d0e4a36beb.jpg,Ben Davis,0.82
ben_davis-51-_jpg.rf.9d602dada3b5b0434f09c027af7a1e8c.jpg,Ben Davis,0.78
ben_davis-54-_jpg.rf.7457b376c088ffeb4c016bf19ce7db7e.jpg,Ben Davis,0.78
ben_davis-54-_jpg.rf.7457b376c088ffeb4c016bf19ce7db7e.jpg,Ben Davis,0.8
ben_davis-58-_jpg.rf.15896f1a465d2a020dd4b25ba9f80933.jpg,Ben Davis,0.83
ben_davis-6-_jpg.rf.3f142e66cf2952332a12d48a3ec977d9.jpg,Ben Davis,0.81
ben_davis-72-_jpg.rf.d4de52e168d2da9968c9ecc72428c247.jpg,Ben Davis,0.78
ben_davis-92-_jpg.rf.bde5c2601503accdf83a3c909a8c3bcd.jpg,Ben Davis,0.81
ben_davis-92-_jpg.rf.bde5c2601503accdf83a3c909a8c3bcd.jpg,Ben Davis,0.82
blondo-14-_jpg.rf.06b2f90417a4ab31ba53e1f1c09c2376.jpg,Blondo,0.78
blondo-14-_jpg.rf.06b2f90417a4ab31ba53e1f1c09c2376.jpg,Blondo,0.82
blondo-20-_jpg.rf.8bcf2206eba224069703d724842c9f85.jpg,Blondo,0.84
blondo-20-_jpg.rf.8bcf2206eba224069703d724842c9f85.jpg,Blondo,0.87
blondo-30-_jpg.rf.cc41dfe54071d4bab14cac3b7518133f.jpg,Blondo,0.77
blondo-30-_jpg.rf.cc41dfe54071d4bab14cac3b7518133f.jpg,Blondo,0.87
blondo-34-_jpg.rf.b60ab5b45d8d2ce4814ff059a286f4e3.jpg,Blondo,0.83
blondo-37-_jpg.rf.9bd05bb15ee6c49d73cd399bfbf4c6de.jpg,Blondo,0.63
blondo-37-_jpg.rf.9bd05bb15ee6c49d73cd399bfbf4c6de.jpg,Blondo,0.87
blondo-39-_jpg.rf.79677a5501e3814f2869a32f2bbd0486.jpg,Blondo,0.62
blondo-39-_jpg.rf.79677a5501e3814f2869a32f2bbd0486.jpg,Blondo,0.86
blondo-59-_jpg.rf.2c149a2af28850315c3300bb2b7e9ba7.jpg,Blondo,0.74
blondo-59-_jpg.rf.2c149a2af28850315c3300bb2b7e9ba7.jpg,Blondo,0.88
blondo-63-_jpg.rf.d2cfb5b025004e4be37ace06956f905a.jpg,Blondo,0.69
blondo-63-_jpg.rf.d2cfb5b025004e4be37ace06956f905a.jpg,Blondo,0.86
blondo-75-_jpg.rf.ba2a7e25f52176f149d52ccb98614661.jpg,Blondo,0.66
blondo-79-_jpg.rf.47bb39ec05c24c8c7760e77a6c993aa6.jpg,Blondo,0.69
bloomingdale-10-_jpg.rf.dbb23f0da1235b007e7bfd966fede218.jpg,Bloomingdale-s,0.62
bloomingdale-27-_jpg.rf.a8cf09699ee06d8bb6a4ef7083a94c71.jpg,Bloomingdale-s,0.74
bloomingdale-43-_jpg.rf.f0b1891d492e332e537615a93fb36ec2.jpg,Bloomingdale-s,0.63
bloomingdale-55-_jpg.rf.daf6428ab48d619e7cb88e74f3dba6c3.jpg,Bloomingdale-s,0.8
bloomingdale-57-_jpg.rf.3df33f39b2db7fe9d1d029908c87f6ec.jpg,Bloomingdale-s,0.86
bloomingdale-73-_jpg.rf.c7f5cd893fc55cbc305778652e3ea238.jpg,Bloomingdale-s,0.84
bloomingdale-8-_jpg.rf.14bf9ff1caa613bc29b806a028fc59b1.jpg,Bloomingdale-s,0.65
blundstone-22-_jpg.rf.4316b77b5184068f62d79716499317db.jpg,Blundstone,0.75
blundstone-25-_jpg.rf.8a7298e5c7aef9d45361078e9a87aa50.jpg,Blundstone,0.73
blundstone-40-_jpg.rf.bd9f7a2a67e9274d1f618773abc2f19e.jpg,Blundstone,0.66
blundstone-44-_jpg.rf.6b5ff66c6f4797d7bc3e66201263bbb9.jpg,Blundstone,0.57
blundstone-59-_jpg.rf.d0aad88d2dd2ed3a93f9fbc26e68c424.jpg,Blundstone,0.76
blundstone-81-_jpg.rf.8c295b44ccc02b8bb20b8866ef38b0be.jpg,Blundstone,0.77
blundstone-82-_jpg.rf.bd5d99d330cdd62e678e685a65f0f2d1.jpg,Blundstone,0.77
blundstone-82-_jpg.rf.bd5d99d330cdd62e678e685a65f0f2d1.jpg,Blundstone,0.78
blundstone-9-_jpg.rf.585cb02d646f187878c151ba4b8116e8.jpg,Blundstone,0.86
bobble-14-_jpg.rf.2de9a7b77882e9c92686bbe2ef1bc45b.jpg,bobble,0.54
bobble-27-_jpg.rf.d4bc44e85d5d9f811096fd3267ed22a6.jpg,Calvin Klein,0.42
bobble-3-_jpg.rf.683bd7707456c9394e5daac3c57b4e3b.jpg,Bloomingdale-s,0.62
bobble-31-_jpg.rf.a20b38de5483f663a28c12b6a66ada11.jpg,bobble,0.8
bobble-42-_jpg.rf.f1f9f0d78356e8abb4508b043bef2123.jpg,bobble,0.72
bobble-51-_jpg.rf.dc799a613053c204b3255cd46351d5b1.jpg,bobble,0.73
bobble-59-_jpg.rf.a7851e60f6adee6cb1b182d0d7235d40.jpg,bobble,0.82
bobble-63-_jpg.rf.196f6e1b124ef0d18a1a8af99870ff50.jpg,bobble,0.76
bobble-80-_jpg.rf.5cd5ae685baabd1cca1ac2a4194bba90.jpg,Calvin Klein,0.42
bobble-87-_jpg.rf.360380258ac554b93cd581cd99074d0f.jpg,bobble,0.63
bobble-90-_jpg.rf.e33e5933779417d42535518f1a439923.jpg,bobble,0.82
bobble-92-_jpg.rf.2050c941b58c166812cdb42868480fab.jpg,Adidas,0.57
bonia-33-_jpg.rf.e2fc1cdde1d38c7570bc6fb2fdf42cba.jpg,Bonia,0.52
bonia-33-_jpg.rf.e2fc1cdde1d38c7570bc6fb2fdf42cba.jpg,Bonia,0.6
bonia-37-_jpg.rf.dab90d8b2db96b75cb875c56b97d6977.jpg,Armani,0.52
bonia-37-_jpg.rf.dab90d8b2db96b75cb875c56b97d6977.jpg,levis,0.67
bonia-37-_jpg.rf.dab90d8b2db96b75cb875c56b97d6977.jpg,Bonia,0.76
bonia-38-_jpg.rf.8dc264c819f4126cb63d647003ab7140.jpg,levis,0.52
bonia-38-_jpg.rf.8dc264c819f4126cb63d647003ab7140.jpg,Armani,0.66
bonia-38-_jpg.rf.8dc264c819f4126cb63d647003ab7140.jpg,Armani,0.74
bonia-38-_jpg.rf.8dc264c819f4126cb63d647003ab7140.jpg,Bonia,0.78
bonia-41-_jpg.rf.6a8232bc2cb7bc09eb6ba6c9bbe629cd.jpg,Bonia,0.86
bonia-50-_jpg.rf.301d08b556c3798e1aa9fcc056300b98.jpg,Bonia,0.58
bonia-50-_jpg.rf.301d08b556c3798e1aa9fcc056300b98.jpg,Bonia,0.73
bonia-51-_jpg.rf.9e9d6fa6eee88cac8d3f76464edee0c8.jpg,Bonia,0.77
bonia-7-_jpg.rf.9e1b571ad725c3a74796ac0cb9b75bd8.jpg,Bonia,0.8
bonia-76-_jpg.rf.78edc55d2e86e1af315150aac1e9506f.jpg,Blondo,0.57
bose-24-_jpg.rf.5b2fec080b345990e7a3952cf33903d2.jpg,BOSE,0.76
bose-35-_jpg.rf.dc40f6cd2cb5e2b0450a1631bf2a21a6.jpg,BOSE,0.78
bose-6-_jpg.rf.797cf5a80ab5a29c825a47f2f695f829.jpg,BOSE,0.61
bose-74-_jpg.rf.1f3a01919998d04a56113bd72d49e9fb.jpg,BOSE,0.67
bottega-41-_jpg.rf.a927ca8b58d5a1dc9516d78c10526477.jpg,Bottega Veneta,0.86
bottega-43-_jpg.rf.adcf29fd8b8f14684be05918224ebe8e.jpg,Bottega Veneta,0.49
bottega-5-_jpg.rf.03d36d133da75549d830f5e04c048aaf.jpg,Bottega Veneta,0.48
bottega-5-_jpg.rf.03d36d133da75549d830f5e04c048aaf.jpg,Bottega Veneta,0.71
bottega-50-_jpg.rf.d01829dc25c0d30b1c82aabb23b9bfe8.jpg,Bottega Veneta,0.78
bottega-50-_jpg.rf.d01829dc25c0d30b1c82aabb23b9bfe8.jpg,Bottega Veneta,0.84
bottega-58-_jpg.rf.f920e32403199ae3c0b3d08f9c505506.jpg,Bottega Veneta,0.74
bottega-69-_jpg.rf.69388ff3e5437303927d091221f63f88.jpg,Bottega Veneta,0.78
bukta-20-_jpg.rf.02f62a0ce6346a8d86dbf40e1ee5c805.jpg,Athletic DNA,0.42
bukta-22-_jpg.rf.efb51c325611638dcb35ec849c3f6ad8.jpg,bukta,0.79
bukta-26-_jpg.rf.cb39162341e332a5dd0c1db6eeabd645.jpg,bukta,0.84
bukta-31-_jpg.rf.090945c669794acdfd2bac3dad9d463a.jpg,bukta,0.84
bukta-51-_jpg.rf.e3b289fb677defd7be3475f011e0116b.jpg,bukta,0.71
bukta-54-_jpg.rf.82ebff4795fb775f0f3e53cef0eb3049.jpg,bukta,0.79
bukta-77-_jpg.rf.f4799053333cea879e75647df54f8b2d.jpg,bukta,0.8
bukta-8-_jpg.rf.f83131ad7fe10e6fadbdbe825b1be918.jpg,bukta,0.83
bukta-80-_jpg.rf.c0c8564a3ba527ab25813ff68c9c0e5b.jpg,bukta,0.55
bukta-80-_jpg.rf.c0c8564a3ba527ab25813ff68c9c0e5b.jpg,bukta,0.58
celine-11-_jpg.rf.e48222570a463c52f3bdc89842869821.jpg,Celine,0.82
celine-20-_jpg.rf.137b89249b204331b63c172cd57e607c.jpg,Celine,0.68
celine-28-_jpg.rf.da3ab031b412eae2c70c314702cc4824.jpg,Celine,0.81
celine-30-_jpg.rf.20cd23a6e18c177cab63269338afaa11.jpg,Celine,0.86
celine-56-_jpg.rf.f79631ef90694b246a38d16757ea2592.jpg,Celine,0.82
celine-77-_jpg.rf.7e3b20b82cf665c7139335333659b0ff.jpg,Celine,0.79
celine-80-_jpg.rf.f0d6e454baa1bd98e247fc44e78a1a90.jpg,Celine,0.8
celine-81-_jpg.rf.8b6419a7040fa5af72fcd1150568049c.jpg,Celine,0.45
chanel-23-_jpg.rf.c9adc7130ae9b2baa415f51366fe0de5.jpg,chanel,0.8
ck-12-_jpg.rf.3ba2a8ed285facd5394b8938cf6ea4f2.jpg,Calvin Klein,0.47
ck-12-_jpg.rf.3ba2a8ed285facd5394b8938cf6ea4f2.jpg,Calvin Klein,0.79
ck-13-_jpg.rf.ce3aecc67a49fd60c96c73860aeed269.jpg,Calvin Klein,0.61
ck-7-_jpg.rf.44ee33a00584db5e82e35c5f01845553.jpg,Calvin Klein,0.57
ck_udw-13-_jpg.rf.c8ecc6218b43d4b1d6bb1d3e0602a63a.jpg,Calvin Klein,0.5
ck_udw-5-_jpg.rf.b8601b0c7454b0ff899799c254aadfc9.jpg,Calvin Klein,0.76
ckck-10-_jpg.rf.e74f3257601b3cbfdeee773da759497d.jpg,Calvin Klein,0.6
ckck-14-_jpg.rf.f5ab6e828a4c1e73171f36d5b08900a6.jpg,Calvin Klein,0.76
ckck-6-_jpg.rf.31e5bdd16e3283a7e8f50b9ce168f998.jpg,Calvin Klein,0.42
ckck-6-_jpg.rf.31e5bdd16e3283a7e8f50b9ce168f998.jpg,Calvin Klein,0.54
ckck-6-_jpg.rf.31e5bdd16e3283a7e8f50b9ce168f998.jpg,Calvin Klein,0.68
ckck-6-_jpg.rf.31e5bdd16e3283a7e8f50b9ce168f998.jpg,Calvin Klein,0.78
ecco-18-_jpg.rf.90c5f67e0f80ee0f9c7af168db8250c1.jpg,Ecco,0.84
ecco-3-_jpg.rf.da6895fa00d34214c4290fa80190e77e.jpg,Ecco,0.91
ecco-36-_jpg.rf.b48951ff814384c6100d6a5fc4b06dcc.jpg,Ecco,0.9
ecco-8-_jpg.rf.df69746139807be0b01c6644eabaefc6.jpg,Ecco,0.91
ermenegildo-38-_jpg.rf.55b9b1100c28a75fb7cfb96695450e3b.jpg,Ermenegildo Zegna,0.65
ermenegildo-48-_jpg.rf.b746d2294fb6eaacb45e48f6eb642de4.jpg,Ermenegildo Zegna,0.71
ermenegildo-57-_jpg.rf.314c50f91595c86cff23ae312dfd67c3.jpg,Ermenegildo Zegna,0.56
ermenegildo-72-_jpg.rf.cae6e8d4115ac66aa2f4b54d65a4aaec.jpg,Ermenegildo Zegna,0.75
ermenegildo-92-_jpg.rf.c4c9bfdf1b217b8ddb51962d1dfc981a.jpg,Ermenegildo Zegna,0.65
ermenegildo-92-_jpg.rf.c4c9bfdf1b217b8ddb51962d1dfc981a.jpg,Ermenegildo Zegna,0.68
ermenegildo-95-_jpg.rf.df7b6d23520b6a5affc2b6a1e25dd26b.jpg,Ermenegildo Zegna,0.67
etro-13-_jpg.rf.6db6aa19f92bcd888f0a06fe380ce2cc.jpg,Etro,0.8
etro-24-_jpg.rf.92f208de7d3f2437dd02a6686988188c.jpg,Etro,0.7
etro-27-_jpg.rf.88e7d567e90eac24c5e22a1c0f5ef7e0.jpg,Etro,0.7
etro-45-_jpg.rf.bf5d83d1048d8f921ea52a44def45720.jpg,Etro,0.63
etro-56-_jpg.rf.c7adc09b97b7bd00f27136d1788f03dd.jpg,Etro,0.59
etro-73-_jpg.rf.f7e65b8ac9dca3f146eadc82a62ad165.jpg,Etro,0.72
etro-77-_jpg.rf.3687fc382bd0b9ae8a96e49fe16a6aa0.jpg,Etro,0.73
exofficio-16-_jpg.rf.1164f0e6382ce8d3134dd623773054ff.jpg,Exofficio,0.6
exofficio-20-_jpg.rf.b530ad67ea73b89474080fb2116aee8f.jpg,Exofficio,0.48
exofficio-26-_jpg.rf.5a4b0766a7424f40693b3a8acbf20d28.jpg,Exofficio,0.82
exofficio-33-_jpg.rf.7a78e59dff8fa3d59d26a9121d684a3a.jpg,Exofficio,0.6
exofficio-54-_jpg.rf.614738339a5ceb00ede8f469632c86dc.jpg,Exofficio,0.72
exofficio-62-_jpg.rf.b09b3a88ff5fa0a329548cb0acff8bf1.jpg,Exofficio,0.83
exofficio-67-_jpg.rf.d995ba54fde561a90b4968c0f4be64d4.jpg,Exofficio,0.79
exofficio-83-_jpg.rf.ed082d19977cf49992ed118fb17f809a.jpg,Exofficio,0.79
exofficio-90-_jpg.rf.6ae3264ac6dbaa7005ad4e9cd4ca964a.jpg,Exofficio,0.84
exofficio-95-_jpg.rf.4458de6d120d8b2f8ba468363d451e49.jpg,tommy hilfiger,0.72
exofficio-95-_jpg.rf.4458de6d120d8b2f8ba468363d451e49.jpg,Exofficio,0.73
exofficio-97-_jpg.rf.4c60d3c6b03013fceaa7f281d586a48f.jpg,Exofficio,0.89
faconnable-19-_jpg.rf.2a31e45c9173338f558dba86afc25de4.jpg,Faconnable,0.87
faconnable-25-_jpg.rf.15bac6cfa409abec105d06ee871f5743.jpg,Faconnable,0.84
faconnable-28-_jpg.rf.e393a33e351767606658b468d0ab7d92.jpg,Faconnable,0.74
faconnable-35-_jpg.rf.d0f14502f9f6f7402281e641214f68bb.jpg,Faconnable,0.81
faconnable-4-_jpg.rf.755cfe91ee030ab4939c66b11104a4a8.jpg,Faconnable,0.85
faconnable-47-_jpg.rf.5ea180d7f58ad3050cca8fce4bdc08bd.jpg,Faconnable,0.88
faconnable-53-_jpg.rf.ff2c14e0f7fb6868bef9ee53e6d4a00f.jpg,Faconnable,0.82
faconnable-68-_jpg.rf.11e2eafd49ee2cb96633ec7a2ca3f0ee.jpg,Faconnable,0.84
faconnable-78-_jpg.rf.2603141a7104e613bc6cd01312d1e172.jpg,Faconnable,0.88
faconnable-84-_jpg.rf.414d31c7eec1c7a68d41d6ecbad7c57d.jpg,Faconnable,0.81
freegun-23-_jpg.rf.f9bda1d0f7dc75d65deec9001fce737b.jpg,Freegun,0.77
freegun-35-_jpg.rf.5d7535c21f12c780a4f810c8c0f31a71.jpg,Freegun,0.83
freegun-37-_jpg.rf.f1651ce74fc0516061b9f4e329712c08.jpg,Freegun,0.86
freegun-57-_jpg.rf.cc851a765befa55cbfcf3e8a5c477c89.jpg,Freegun,0.66
freegun-57-_jpg.rf.cc851a765befa55cbfcf3e8a5c477c89.jpg,Freegun,0.72
gap-7-_jpg.rf.1ccbe8754a80b16b638edab29a0e4081.jpg,Gap,0.75
gap-7-_jpg.rf.1ccbe8754a80b16b638edab29a0e4081.jpg,Gap,0.79
gap-9-_jpg.rf.59eabe0d398eed455b96d82c4c3e299f.jpg,Gap,0.78
guess-10-_jpg.rf.cde49e0884b0dd3c3a7a1bdd459cfd35.jpg,Guess,0.83
guess-20-_jpg.rf.1aef6d9c2ab57a244760fba1164bda83.jpg,Guess,0.73
guess-34-_jpg.rf.0756aa31f85c210819e4c12a601de3d5.jpg,Guess,0.78
guess-9-_jpg.rf.76c6d761f4f2bca982a4ded6ff77fa5d.jpg,Guess,0.88
henri-18-_jpg.rf.4012cab6fb73a04ff8381041ab3e5749.jpg,Henri Wintermans,0.63
henri-34-_jpg.rf.754099ca5538ae62502ecd97c685448c.jpg,Henri Wintermans,0.42
henri-37-_jpg.rf.b22b2dd8f0030c52de06875f2b4db2ad.jpg,Henri Wintermans,0.66
henri-40-_jpg.rf.600fb47acaf8d9febdf4618af47c6681.jpg,Henri Wintermans,0.72
henri-6-_jpg.rf.9700156bd33ec4f71afb4dfb2263028e.jpg,Henri Wintermans,0.47
henri-6-_jpg.rf.9700156bd33ec4f71afb4dfb2263028e.jpg,Henri Wintermans,0.65
henri-60-_jpg.rf.89c16ea4aad4222eab0be9d57d0d748b.jpg,Henri Wintermans,0.72
henri-62-_jpg.rf.ba46d6ca8efce4fb517bc8ef4b5f79b4.jpg,Henri Wintermans,0.51
henri-62-_jpg.rf.ba46d6ca8efce4fb517bc8ef4b5f79b4.jpg,Henri Wintermans,0.54
hoka-17-_jpg.rf.64ea2ad0c8370b967cb54d9dbbb4e436.jpg,Hoka One One,0.87
hoka-19-_jpg.rf.b24356e1865584e2d400fd2a1a619512.jpg,Hoka One One,0.88
hoka-24-_jpg.rf.52fed1eda844595c9d781c4d4e4bc710.jpg,Hoka One One,0.7
hoka-3-_jpg.rf.b98d034a9107ff5e207e7820f1e570a3.jpg,Hoka One One,0.63
hoka-45-_jpg.rf.6d48617f9dd0be5d1d2f414b67735080.jpg,Hoka One One,0.78
hoka-54-_jpg.rf.d4555dda73851c0005ddcf34300b516c.jpg,Hoka One One,0.86
hoka-75-_jpg.rf.cda09cde672ac8b21eba89c078ca335f.jpg,Hoka One One,0.87
hoka-82-_jpg.rf.333427f27879801c90b7a614cc18cd16.jpg,Hoka One One,0.42
hoka-82-_jpg.rf.333427f27879801c90b7a614cc18cd16.jpg,Hoka One One,0.76
hoka-82-_jpg.rf.333427f27879801c90b7a614cc18cd16.jpg,Hoka One One,0.77
hugo-20-_jpg.rf.f5608c1f7e89db93a215ad8bf1a7f98e.jpg,Hugo Boss,0.85
hugo-24-_jpg.rf.30cfaba7ca660a70199a357aec7199c1.jpg,Hugo Boss,0.84
hugo-30-_jpg.rf.6f939153126ac431f716d806795a68c4.jpg,Hugo Boss,0.5
hugo-39-_jpg.rf.4108717a30ee2cc0ada03ffcbfc6898d.jpg,Hugo Boss,0.75
kate_spade-4-_jpg.rf.99d363added2d63abe69d2c6f63cb73c.jpg,KATE SPADE,0.78
kate_spade-4-_jpg.rf.99d363added2d63abe69d2c6f63cb73c.jpg,KATE SPADE,0.8
kate_spade-45-_jpg.rf.c74d6547b20018fa48ffde8c86191cf5.jpg,KATE SPADE,0.8
kate_spade-45-_jpg.rf.c74d6547b20018fa48ffde8c86191cf5.jpg,KATE SPADE,0.81
kate_spade-56-_jpg.rf.3baace0a9286526a7a7b86fd5cdeab6f.jpg,KATE SPADE,0.75
kate_spade-62-_jpg.rf.57de4dbad90e4b40c46e3e70dd387d03.jpg,KATE SPADE,0.62
kate_spade-62-_jpg.rf.57de4dbad90e4b40c46e3e70dd387d03.jpg,KATE SPADE,0.74
kate_spade-71-_jpg.rf.000b04d9f0d504d8965547c52ca3a8f2.jpg,KATE SPADE,0.72
kate_spade-73-_jpg.rf.07603f678c16e6b65f4371575da55663.jpg,KATE SPADE,0.72
kate_spade-73-_jpg.rf.07603f678c16e6b65f4371575da55663.jpg,KATE SPADE,0.76
kavu-10-_jpg.rf.f767e022e435030168c3503d4706a694.jpg,Kavu,0.71
kavu-12-_jpg.rf.35ea0bf3417fb163aa999534e8b13678.jpg,Kavu,0.69
kavu-21-_jpg.rf.d2339670eedd0f783b13f0d13548cdb8.jpg,Kavu,0.71
kavu-24-_jpg.rf.191d553cd263b43b51c755a31aae53a5.jpg,Kavu,0.83
kavu-38-_jpg.rf.936cc2e932694c5e689b04aa65ebec9e.jpg,Kavu,0.76
kavu-42-_jpg.rf.090155dbe3c38bd0145ced04ec5f9c7b.jpg,Kavu,0.72
kavu-44-_jpg.rf.8d9c606ace3bd859f160454ea457297e.jpg,Kavu,0.6
kavu-47-_jpg.rf.a63c1345b4425f9840f82e591b26c722.jpg,Kavu,0.74
kavu-59-_jpg.rf.b55ae51860eea3007e7bfaf579e8ab5e.jpg,Kavu,0.83
kavu-78-_jpg.rf.cabfd41ada9b0981f306d4cb66be7807.jpg,Kavu,0.76
kensie-15-_jpg.rf.80add1ce696a599c97a050c2f868769c.jpg,kensie,0.79
kensie-44-_jpg.rf.542bb5231ac2d90f14c644aa7d56be08.jpg,kensie,0.79
kensie-45-_jpg.rf.10ba0b5aa61ded3fe399c6d97d210dc4.jpg,kensie,0.77
kensie-48-_jpg.rf.c4a1c1af749b40000a8c9c38b5af59c3.jpg,kensie,0.78
kensie-50-_jpg.rf.2505d35b26073d3b25ca6156b55a5d64.jpg,kensie,0.83
kensie-55-_jpg.rf.3036499833922e369678e22dc05befbe.jpg,kensie,0.83
kensie-9-_jpg.rf.5fc62fda3c670f27d75b16446e26f05e.jpg,kensie,0.62
knights-31-_jpg.rf.fd82b8d8b26ddd7138d54bdc82985780.jpg,British Knights,0.55
knights-40-_jpg.rf.387730e120d2ca50e11f9c799886fb03.jpg,British Knights,0.7
knights-6-_jpg.rf.d9ebdb9157e60fe0c93cccd812820a60.jpg,British Knights,0.57
knights-61-_jpg.rf.6908b85b2ec3b8dd10929349c1c359e3.jpg,British Knights,0.65
knights-77-_jpg.rf.5bfdb2957a2704cec4995cc236b6bf10.jpg,British Knights,0.5
knights-79-_jpg.rf.2b3f260c524534c49f097983f5df08cd.jpg,British Knights,0.7
knights-97-_jpg.rf.0c3601b9acdd33258ce98920e0686a66.jpg,British Knights,0.68
knights-98-_jpg.rf.77f9effc1e17b09babead7b57123cd3f.jpg,British Knights,0.46
lacoste-12-_jpg.rf.9dd22b253a525d0a6c32e4b6ea115f81.jpg,lacoste,0.43
lacoste-20-_jpg.rf.57e8c949ec0f985d8de6c908bf9fae91.jpg,lacoste,0.54
lacoste-25-_jpg.rf.fdece1276461f3efbe8b4c1037170d7e.jpg,lacoste,0.5
levis-19-_jpg.rf.824f25cb65442c8926d0ae53c743c6e3.jpg,levis,0.75
levis-27-_jpg.rf.374b94394eb05cd5b6062461b1e3d439.jpg,levis,0.85
levis-29-_jpg.rf.c7ebc237b697a5f8d881880855493b1f.jpg,levis,0.85
levis-47-_jpg.rf.d28ef3d20fd4c066218a586ad57ce4cf.jpg,levis,0.82
levis-67-_jpg.rf.bc25a91eb01c0184e013bbcf15f5de80.jpg,levis,0.82
levis-69-_jpg.rf.1f6e0d54ba9659acad4a63508c704eff.jpg,levis,0.81
levis-7-_jpg.rf.35aec41db92387918f94c9a20bdce981.jpg,levis,0.75
levis-73-_jpg.rf.d48cd1610ad717c97ec80ca9b084d9af.jpg,levis,0.57
lonsdale-37-_jpg.rf.75f396fd56d40a8fc1e9e957f499ae49.jpg,lonsdale,0.86
lonsdale-46-_jpg.rf.ebe223ef9832d1b49577279b3b7a725e.jpg,lonsdale,0.88
lonsdale-53-_jpg.rf.e900110b77fbba3c6d79c088efbf55f8.jpg,lonsdale,0.72
lonsdale-54-_jpg.rf.07e5cb3ae8cf01177734b04b697d0e8a.jpg,lonsdale,0.89
lonsdale-66-_jpg.rf.92dca1f4cdf924643ab13ee69a278dc3.jpg,Abercrombie,0.55
lonsdale-7-_jpg.rf.7a1da3206c2e0128a43afe137e037598.jpg,American Eagle,0.56
lv-1-_jpg.rf.b30350e4718180677d24fb64754075e6.jpg,louis vuitton,0.82
lv-1-_jpg.rf.b30350e4718180677d24fb64754075e6.jpg,louis vuitton,0.82
lv-11-_jpg.rf.9fa88b8404441ccf5f1bbf83524898f6.jpg,louis vuitton,0.57
lv-37-_jpg.rf.a990124caf45dc51ac217a5e88cebeb6.jpg,louis vuitton,0.68
lv-42-_jpg.rf.dc2e9a37632f69a8e8b61b34e1199adb.jpg,louis vuitton,0.82
lv-42-_jpg.rf.dc2e9a37632f69a8e8b61b34e1199adb.jpg,louis vuitton,0.85
lv-59-_jpg.rf.5b825a92a1c6ea4b4da7d901466e2912.jpg,louis vuitton,0.64
lv-68-_jpg.rf.f58cedc54359834fc0007a63ecb785d3.jpg,louis vuitton,0.61
lv-79-_jpg.rf.6e4c83080e6dbe147485a0b415afc6f1.jpg,louis vuitton,0.83
lv-79-_jpg.rf.6e4c83080e6dbe147485a0b415afc6f1.jpg,louis vuitton,0.85
lv-96-_jpg.rf.627c0d311859ca934afbe20cb7f1e590.jpg,louis vuitton,0.66
new_balance-10-_jpg.rf.71257e6f015b3fbce2ba5ac9cce6ab0d.jpg,New Balance,0.73
new_balance-10-_jpg.rf.71257e6f015b3fbce2ba5ac9cce6ab0d.jpg,New Balance,0.87
new_balance-22-_jpg.rf.cd4fc5947c8e5757d9c70e55ab13757f.jpg,New Balance,0.55
new_balance-22-_jpg.rf.cd4fc5947c8e5757d9c70e55ab13757f.jpg,New Balance,0.86
new_balance-25-_jpg.rf.f5f64ba4b8e5a8018cd36199944d36cc.jpg,New Balance,0.57
new_balance-25-_jpg.rf.f5f64ba4b8e5a8018cd36199944d36cc.jpg,New Balance,0.69
new_balance-30-_jpg.rf.9a364ef0961253e2339879bc19a6d2ff.jpg,New Balance,0.84
new_balance-33-_jpg.rf.d745245c6794cfae7b08bc7e87b24923.jpg,New Balance,0.67
new_balance-33-_jpg.rf.d745245c6794cfae7b08bc7e87b24923.jpg,New Balance,0.85
new_balance-42-_jpg.rf.4771248b84990fe6fe63809014426558.jpg,New Balance,0.72
new_balance-42-_jpg.rf.4771248b84990fe6fe63809014426558.jpg,New Balance,0.86
new_balance-48-_jpg.rf.171f95f1cb0e6a7cad6024bbd7291297.jpg,New Balance,0.83
new_balance-52-_jpg.rf.ce53b69015c87c257988e1be055a1c36.jpg,New Balance,0.84
new_balance-6-_jpg.rf.4d9cb108d6241a5af6484f177c6767ce.jpg,New Balance,0.85
new_balance-6-_jpg.rf.4d9cb108d6241a5af6484f177c6767ce.jpg,New Balance,0.88
new_balance-77-_jpg.rf.9a4888cd4dbba97b6d089a9f0e589e7c.jpg,New Balance,0.63
new_balance-77-_jpg.rf.9a4888cd4dbba97b6d089a9f0e589e7c.jpg,New Balance,0.84
new_balance-93-_jpg.rf.0efc9ea1f9424603b86aa165297bb58a.jpg,New Balance,0.65
new_balance-93-_jpg.rf.0efc9ea1f9424603b86aa165297bb58a.jpg,New Balance,0.79
new_balance-94-_jpg.rf.5755d88f9c777e6adf83f0ff079ab158.jpg,New Balance,0.67
roberto-24-_jpg.rf.2efd65c09138e169979b50f2db162340.jpg,roberto cavalli,0.91
roberto-57-_jpg.rf.b4aa8dddde26d7a7d3c5512ed40fe396.jpg,roberto cavalli,0.89
roberto-58-_jpg.rf.12b77dd932db8b8929b2f1da1c6ad76b.jpg,roberto cavalli,0.92
roberto-64-_jpg.rf.674e98b06ba2e6021443fe059d5b69ea.jpg,roberto cavalli,0.79
roberto-70-_jpg.rf.7843701e9502828393cbadc4ba1ba3d4.jpg,roberto cavalli,0.89
roberto-71-_jpg.rf.348b9a6496211b60926c0d72848cde3b.jpg,roberto cavalli,0.93
roberto-82-_jpg.rf.9cb908cda3fc9c8a2801c4624d6c2355.jpg,roberto cavalli,0.82
roberto-83-_jpg.rf.3edfa5d705da3325893369d9d0eebdd1.jpg,roberto cavalli,0.82
rolex-16-_jpg.rf.d5849506e494ceae297369317607abf5.jpg,rolex,0.89
rolex-38-_jpg.rf.cef45a4040abff26d0d27204fda6f2b0.jpg,rolex,0.78
rolex-46-_jpg.rf.60d98aadb5bb018eca72b2ccec180887.jpg,rolex,0.4
rolex-46-_jpg.rf.60d98aadb5bb018eca72b2ccec180887.jpg,rolex,0.52
rolex-48-_jpg.rf.78e61e5a415d7c5f7c7f85468b4e3849.jpg,rolex,0.45
rolex-48-_jpg.rf.78e61e5a415d7c5f7c7f85468b4e3849.jpg,rolex,0.82
rolex-49-_jpg.rf.76dae535e19a74ad8eb7e0acf8e702ec.jpg,rolex,0.83
rolex-52-_jpg.rf.0865913b1da4189f40c7e03e6e07a265.jpg,rolex,0.59
rolex-52-_jpg.rf.0865913b1da4189f40c7e03e6e07a265.jpg,rolex,0.83
rolex-61-_jpg.rf.e290c65c35c126f920f1b8a4edc97647.jpg,rolex,0.74
shure-30-_jpg.rf.3f42b17af775d942668010bd83b85e11.jpg,shure,0.87
shure-34-_jpg.rf.eb2555d006a5abac0ebcce994c56120f.jpg,shure,0.76
shure-47-_jpg.rf.07be79296e4e542aa76ca7b5295d8eca.jpg,shure,0.87
shure-5-_jpg.rf.e86ed668aaff4c8738758991ead7d3e6.jpg,shure,0.88
shure-53-_jpg.rf.e3812bd4f700e8207a57f1b979781cda.jpg,shure,0.81
shure-56-_jpg.rf.653048bc0c609fe2abfc7942c426f24f.jpg,shure,0.86
shure-63-_jpg.rf.ff0f804a6a34a415a32d28d24544d0a8.jpg,shure,0.83
superga-25-_jpg.rf.b40d150be46ec04ca1ef92aa1f0a2d36.jpg,Superga,0.87
superga-25-_jpg.rf.b40d150be46ec04ca1ef92aa1f0a2d36.jpg,Superga,0.88
superga-29-_jpg.rf.4250b9d69b44349557fbe17ca56a2eac.jpg,Superga,0.86
superga-29-_jpg.rf.4250b9d69b44349557fbe17ca56a2eac.jpg,Superga,0.87
superga-32-_jpg.rf.1558d6d498291a037bc952022409fce8.jpg,Superga,0.85
superga-32-_jpg.rf.1558d6d498291a037bc952022409fce8.jpg,Superga,0.85
superga-34-_jpg.rf.15e3a203be33afa086140b8692ccc2cb.jpg,Superga,0.85
superga-34-_jpg.rf.15e3a203be33afa086140b8692ccc2cb.jpg,Superga,0.89
superga-8-_jpg.rf.5282fa251619fd346b1bff169452624a.jpg,Superga,0.85
superga-8-_jpg.rf.5282fa251619fd346b1bff169452624a.jpg,Superga,0.89
timberland-1-_jpg.rf.9fe716accedfa592e170abe47a0123a0.jpg,timberland,0.75
timberland-26-_jpg.rf.58762b506a5c6789647493e861b4d6ff.jpg,timberland,0.54
timberland-26-_jpg.rf.58762b506a5c6789647493e861b4d6ff.jpg,timberland,0.55
timberland-27-_jpg.rf.3e2ed145f75e3b022c163e37a3c44c67.jpg,timberland,0.83
timberland-3-_jpg.rf.dbb703d492c8bedad7215ed375ef0c9a.jpg,timberland,0.57
timberland-3-_jpg.rf.dbb703d492c8bedad7215ed375ef0c9a.jpg,timberland,0.68
timberland-50-_jpg.rf.981c2fe2d5e35eb49fc5b91e089e85c6.jpg,timberland,0.69
timberland-58-_jpg.rf.b1df55328793b2517935cf3174d93c2b.jpg,timberland,0.72
timberland-64-_jpg.rf.d14b761ce0a805ec94846d1f4562349e.jpg,timberland,0.78
timberland-8-_jpg.rf.b0d7d3af565a7868b2f27510fa7a953e.jpg,timberland,0.8
timberland-87-_jpg.rf.ee0a44edbb276ac8618ecabdae49df76.jpg,timberland,0.41
timberland-92-_jpg.rf.d4f8f83c3ed6a879c12515a0c87f613b.jpg,timberland,0.74
tnf-102-_jpg.rf.938fceb27e2a43dc226e6d11f59241a5.jpg,the north face,0.85
tnf-104-_jpg.rf.d60ac4db4dd1096e0af84974b1dcf383.jpg,the north face,0.85
tnf-15-_jpg.rf.87402cd1427db63d5f11dd7bd353d193.jpg,the north face,0.65
tnf-2-_jpg.rf.a9c0f5935658e243720f191d10f7b40f.jpg,the north face,0.84
tnf-22-_jpg.rf.17f048345fd1a7e2856288c7979a0fac.jpg,the north face,0.78
tnf-29-_jpg.rf.3989bedc26062271b4287067ac2c04d5.jpg,the north face,0.88
tnf-34-_jpg.rf.07f2294a612a9bc7cbcf98b2a8a5bc2d.jpg,the north face,0.73
tnf-41-_jpg.rf.652665bde2be2e350a3f38fdb7009ed8.jpg,the north face,0.89
tnf-54-_jpg.rf.fa12f9afcdb874d5712ec75128691474.jpg,the north face,0.79
tnf-73-_jpg.rf.ef1358d6ad8110bb5f44b0d63083154a.jpg,the north face,0.88
tnf-83-_jpg.rf.617420c8fa6d3274bffb0180d0227e87.jpg,the north face,0.85
tnf-97-_jpg.rf.ffa35aabf66e4a801731f26ba8f03998.jpg,the north face,0.78
tommy-1-_jpg.rf.ea125fafeb8df2758f38991057b4e38e.jpg,tommy hilfiger,0.68
tommy-1-_jpg.rf.ea125fafeb8df2758f38991057b4e38e.jpg,tommy hilfiger,0.75
tommy-18-_jpg.rf.24a47b84c701fb9c884b8e406cdcb26d.jpg,tommy hilfiger,0.46
tommy-18-_jpg.rf.24a47b84c701fb9c884b8e406cdcb26d.jpg,tommy hilfiger,0.73
tommy-27-_jpg.rf.b203df8c1a07bfb1a90c8509513d2d65.jpg,tommy hilfiger,0.7
tommy-31-_jpg.rf.d14cc88c5117f0f8358ed8449702e19f.jpg,tommy hilfiger,0.54
uniqlo-12-_jpg.rf.0be116870fea90520341dfe82f9805fc.jpg,uniqlo,0.55
uniqlo-12-_jpg.rf.0be116870fea90520341dfe82f9805fc.jpg,uniqlo,0.7
uniqlo-12-_jpg.rf.0be116870fea90520341dfe82f9805fc.jpg,uniqlo,0.7
uniqlo-12-_jpg.rf.0be116870fea90520341dfe82f9805fc.jpg,uniqlo,0.74
uniqlo-26-_jpg.rf.b23d4e43c7aadc9e2bc31760a7312582.jpg,uniqlo,0.78
uniqlo-29-_jpg.rf.2a9606a2f19d2545ba6b006e7f012b46.jpg,uniqlo,0.48
uniqlo-36-_jpg.rf.c44c700b0746998acd493a4e3894bc76.jpg,uniqlo,0.82
uniqlo-44-_jpg.rf.c1bc8fdd455c9b241a76ba6456f8ce4b.jpg,uniqlo,0.65
uniqlo-44-_jpg.rf.c1bc8fdd455c9b241a76ba6456f8ce4b.jpg,uniqlo,0.78
uniqlo-58-_jpg.rf.72427aedd8b65c0f7e0f12e26e0e9cce.jpg,uniqlo,0.85
uniqlo-64-_jpg.rf.eab391fa7e3372352644a5638241d005.jpg,uniqlo,0.82
versace-13-_jpg.rf.b2a3f08054d51c76ae9171f5d6e9eef8.jpg,versace,0.55
versace-14-_jpg.rf.c86c8dfdbc013e26756cd74b8239ef1c.jpg,versace,0.86
versace-28-_jpg.rf.1fa13b1b6bde3dfbf8653b41ddcc5e1b.jpg,versace,0.77
zara-100-_jpg.rf.42b587ed59093839aa3db82484554153.jpg,zara,0.86
zara-105-_jpg.rf.d0c96c4a0c09297f777051447a856fdf.jpg,zara,0.49
zara-105-_jpg.rf.d0c96c4a0c09297f777051447a856fdf.jpg,zara,0.62
zara-118-_jpg.rf.a78ed86133394e55ac7618fe2ad36e06.jpg,zara,0.69
zara-15-_jpg.rf.a727f6a2de11349c796b912dd8c23114.jpg,zara,0.77
zara-29-_jpg.rf.0ab60b425ffae1e0d930c0c1d026d081.jpg,zara,0.76
zara-29-_jpg.rf.0ab60b425ffae1e0d930c0c1d026d081.jpg,zara,0.77
zara-31-_jpg.rf.6287f1f7f9eb1d9e130dcfc79cd8d071.jpg,zara,0.78
zara-42-_jpg.rf.5a18105f47f3fc1a9913e4c19d4e7681.jpg,zara,0.75
zara-42-_jpg.rf.5a18105f47f3fc1a9913e4c19d4e7681.jpg,zara,0.79
zara-61-_jpg.rf.3506daf17f030aae8cb21f28e393ac44.jpg,zara,0.4
zara-63-_jpg.rf.a9ef0c8e653a6e70e7de35cfb145825f.jpg,zara,0.8
zara-76-_jpg.rf.0ac631fb2a5a49e56f14d51b871ac04e.jpg,zara,0.77
zara-76-_jpg.rf.0ac631fb2a5a49e56f14d51b871ac04e.jpg,zara,0.78
zara-92-_jpg.rf.6b30d3b81a926cb94dcf7b0e25dc2443.jpg,zara,0.86
